{
  "open": 0.33991,
  "high": 0.34059,
  "low": 0.33973,
  "close": 0.34027
}
